Workbook

Sheet FT_TestCoverageMatrix_UBB
A1: FCT Test Coverage Matrix
A2: Project Name: | B2: G50-UBB
A3: Integration Level: | B3: L6 (PCBA)
A5: Component/Interface | B5: Test Method | C5: OS | D5: Diagnostics/binary/Utility name | E5: Developer or Company Name | F5: Command Line/Scripts | G5: Test Hardware Required | H5: Functionality Description | I5: Supporting Documents(SW Releases, help files, revision history etc.) | J5: loc | K5: Test Time (Second) | L5: Feedback - MSFT | M5: Feedback - Ingrasys | N5: Redfish command | O5: Command Line | P5: Except Result
A6: PCA9548 | B6: Direct | C6: BMC_console | D6: i2cset/i2cget | E6: Ingrasys BMC | F6: test_i2c.py i2cget -y -f 2 0x76 0x0 | G6: PDB, CM, PIB | H6: Verify I2C MUX by BMC | I6: WCS-Software-BMC-G50_v081 | J6: BMC_SMB_3/0xEC | K6: 20 | N6: curl -b cjar -u admin:admin -X POST -d '{"Bus":"2", "SlaveAddress":"0x76", "ReadCount":"1", "WriteData":"0x0"'} -H "Content-Type: application/json" -k https://BMC_IP/redfish/v1/Managers/System/Actions/Manager.MasterWriteRead | O6: i2cget -y -f 2 0x76 0x0 | P6: 0x00
A7: TMP175 | B7: Direct | C7: BMC_console | D7: i2cset/i2cget | E7: Ingrasys BMC | F7: test_i2c.py TMP75() i2cget -y -f 21 0x37 0x0 | G7: PDB, CM, PIB | H7: Verify I2C TMP sensor by BMC | I7: WCS-Software-BMC-G50_v081 | J7: BMC_SMB_3/0xEC_I2C5/0x6E | K7: 20 | N7: curl -b cjar -u admin:admin -X POST -d '{"Bus":"21", "SlaveAddress":"0x37", "ReadCount":"1", "WriteData":"0x0"'} -H "Content-Type: application/json" -k https://BMC_IP/redfish/v1/Managers/System/Actions/Manager.MasterWriteRead | O7: i2cget -y -f 21 0x37 0x0 | P7: 0x28
A8: TMP75 | B8: Direct | C8: BMC_console | D8: i2cset/i2cget | E8: Ingrasys BMC | F8: test_i2c.py TMP75() i2cget -y -f 21 0x49 0x0 | G8: PDB, CM, PIB | H8: Verify I2C TMP sensor by BMC | I8: WCS-Software-BMC-G50_v081 | J8: BMC_SMB_3/0xEC_I2C5/0x92 | K8: 20 | N8: curl -b cjar -u admin:admin -X POST -d '{"Bus":"21", "SlaveAddress":"0x49", "ReadCount":"1", "WriteData":"0x0"'} -H "Content-Type: application/json" -k https://BMC_IP/redfish/v1/Managers/System/Actions/Manager.MasterWriteRead | O8: i2cget -y -f 21 0x49 0x0 | P8: 0x2e
A9: TMP75 | B9: Direct | C9: BMC_console | D9: i2cset/i2cget | E9: Ingrasys BMC | F9: test_i2c.py TMP75() i2cget -y -f 21 0x4a 0x0 | G9: PDB, CM, PIB | H9: Verify I2C TMP sensor by BMC | I9: WCS-Software-BMC-G50_v081 | J9: BMC_SMB_3/0xEC_I2C5/0x94 | K9: 20 | N9: curl -b cjar -u admin:admin -X POST -d '{"Bus":"21", "SlaveAddress":"0x4a", "ReadCount":"1", "WriteData":"0x0"'} -H "Content-Type: application/json" -k https://BMC_IP/redfish/v1/Managers/System/Actions/Manager.MasterWriteRead | O9: i2cget -y -f 21 0x4a 0x0 | P9: 0x2c
A10: TMP75 | B10: Direct | C10: BMC_console | D10: i2cset/i2cget | E10: Ingrasys BMC | F10: test_i2c.py TMP75() i2cget -y -f 21 0x4b 0x0 | G10: PDB, CM, PIB | H10: Verify I2C TMP sensor by BMC | I10: WCS-Software-BMC-G50_v081 | J10: BMC_SMB_3/0xEC_I2C5/0x96 | K10: 20 | N10: curl -b cjar -u admin:admin -X POST -d '{"Bus":"21", "SlaveAddress":"0x4b", "ReadCount":"1", "WriteData":"0x0"'} -H "Content-Type: application/json" -k https://BMC_IP/redfish/v1/Managers/System/Actions/Manager.MasterWriteRead | O10: i2cget -y -f 21 0x4b 0x0 | P10: 0x2a
A11: TMP75 | B11: Direct | C11: BMC_console | D11: i2cset/i2cget | E11: Ingrasys BMC | F11: test_i2c.py TMP75() i2cget -y -f 21 0x4c 0x0 | G11: PDB, CM, PIB | H11: Verify I2C TMP sensor by BMC | I11: WCS-Software-BMC-G50_v081 | J11: BMC_SMB_3/0xEC_I2C5/0x98 | K11: 20 | N11: curl -b cjar -u admin:admin -X POST -d '{"Bus":"21", "SlaveAddress":"0x4c", "ReadCount":"1", "WriteData":"0x0"'} -H "Content-Type: application/json" -k https://BMC_IP/redfish/v1/Managers/System/Actions/Manager.MasterWriteRead | O11: i2cget -y -f 21 0x4c 0x0 | P11: 0x1e
A12: TMP75 | B12: Direct | C12: BMC_console | D12: i2cset/i2cget | E12: Ingrasys BMC | F12: test_i2c.py TMP75() i2cget -y -f 21 0x4d 0x0 | G12: PDB, CM, PIB | H12: Verify I2C TMP sensor by BMC | I12: WCS-Software-BMC-G50_v081 | J12: BMC_SMB_3/0xEC_I2C5/0x9A | K12: 20 | N12: curl -b cjar -u admin:admin -X POST -d '{"Bus":"21", "SlaveAddress":"0x4d", "ReadCount":"1", "WriteData":"0x0"'} -H "Content-Type: application/json" -k https://10.32.9.63/redfish/v1/Managers/System/Actions/Manager.MasterWriteRead | O12: i2cget -y -f 21 0x4d 0x0 | P12: 0x20
A13: TMP75 | B13: Direct | C13: BMC_console | D13: i2cset/i2cget | E13: Ingrasys BMC | F13: test_i2c.py TMP75() i2cget -y -f 21 0x4e 0x0 | G13: PDB, CM, PIB | H13: Verify I2C TMP sensor by BMC | I13: WCS-Software-BMC-G50_v081 | J13: BMC_SMB_3/0xEC_I2C5/0x9C | K13: 20 | N13: curl -b cjar -u admin:admin -X POST -d '{"Bus":"21", "SlaveAddress":"0x4e", "ReadCount":"1", "WriteData":"0x0"'} -H "Content-Type: application/json" -k https://10.32.9.63/redfish/v1/Managers/System/Actions/Manager.MasterWriteRead | O13: i2cget -y -f 21 0x4e 0x0 | P13: 0x24
A14: TMP75 | B14: Direct | C14: BMC_console | D14: i2cset/i2cget | E14: Ingrasys BMC | F14: test_i2c.py TMP75() i2cget -y -f 21 0x4f 0x0 | G14: PDB, CM, PIB | H14: Verify I2C TMP sensor by BMC | I14: WCS-Software-BMC-G50_v081 | J14: BMC_SMB_3/0xEC_I2C5/0x9E | K14: 20 | N14: curl -b cjar -u admin:admin -X POST -d '{"Bus":"21", "SlaveAddress":"0x4f", "ReadCount":"1", "WriteData":"0x0"'} -H "Content-Type: application/json" -k https://10.32.9.63/redfish/v1/Managers/System/Actions/Manager.MasterWriteRead | O14: i2cget -y -f 21 0x4f 0x0 | P14: 0x21
A15: PCAL9538(U40) | B15: Direct | C15: BMC_console | D15: i2cset/i2cget | E15: Ingrasys BMC | F15: test_i2c.py i2cget -y -f 20 0x71 0 | G15: PDB, CM, PIB | H15: Verify I2C device by BMC | I15: WCS-Software-BMC-G50_v081 | J15: BMC_SMB_3/0xEC_I2C4/0xE2 | K15: 20 | N15: curl -b cjar -u admin:admin -X POST -d '{"Bus":"20", "SlaveAddress":"0x71", "ReadCount":"1", "WriteData":"0x0"'} -H "Content-Type: application/json" -k https://10.32.9.63/redfish/v1/Managers/System/Actions/Manager.MasterWriteRead | O15: i2cget -y -f 20 0x71 0 | P15: 0x00
A16: PCAL9539 (U39) | B16: Direct | C16: BMC_console | D16: i2cset/i2cget | E16: Ingrasys BMC | F16: test_i2c.py i2cget -y -f 22 0x74 0 | G16: PDB, CM, PIB | H16: Verify I2C device by BMC | I16: WCS-Software-BMC-G50_v081 | J16: BMC_SMB_3/0xEC_I2C6/0xE8 | K16: 20 | N16: curl -b cjar -u admin:admin -X POST -d '{"Bus":"22", "SlaveAddress":"0x74", "ReadCount":"1", "WriteData":"0x0"'} -H "Content-Type: application/json" -k https://10.32.9.63/redfish/v1/Managers/System/Actions/Manager.MasterWriteRead | O16: i2cget -y -f 22 0x74 0 | P16: 0xbf
A17: PCAL9539 (U41) | B17: Direct | C17: BMC_console | D17: i2cset/i2cget | E17: Ingrasys BMC | F17: test_i2c.py i2cget -y -f 22 0x77 0 | G17: PDB, CM, PIB | H17: Verify I2C device by BMC | I17: WCS-Software-BMC-G50_v081 | J17: BMC_SMB_3/0xEC_I2C6/0xEE | K17: 20 | N17: curl -b cjar -u admin:admin -X POST -d '{"Bus":"22", "SlaveAddress":"0x77", "ReadCount":"1", "WriteData":"0x0"'} -H "Content-Type: application/json" -k https://10.32.9.63/redfish/v1/Managers/System/Actions/Manager.MasterWriteRead | O17: i2cget -y -f2 2 0x77 0 | P17: 0xff
... A22: PCA9548 | B22: Direct | C22: BMC_console | D22: i2cset/i2cget | E22: Ingrasys BMC | F22: test_i2c.py Check_SDA_i2c_path() i2cdetect -y 0 | G22: PDB, CM, PIB | H22: Verify I2C device by BMC | I22: WCS-Software-BMC-G50_v081 | J22: BMC_SMB_4/0xE0 | K22: 20 | N22: curl -b cjar -u admin:admin -X POST -d '{"Bus":"3", "SlaveAddress":"0x70", "ReadCount":"1", "WriteData":"0x0"'} -H "Content-Type: application/json" -k https://10.32.9.63/redfish/v1/Managers/System/Actions/Manager.MasterWriteRead | O22: i2cget -y -f 3 0x70 0 | P22: 0x00
A23: Mezzaine Test Fixture 0 (GPU0 Socket) | B23: Direct | C23: C2010_ubuntu_16.04 | D23: PLX Vendor Tool | E23: PLX Technology | F23: ubb_main.py check_MezzTF() ./Plx_load Svc d ./8764.sh check any fail msg | G23: PDB, CM, PIB, MezzTF | H23: Verify Mezzaine Test Fixture(PEX8764) one by one and port by port by PLX SDK. | I23: PlxSdkUserManual | K23: 300
A24: Mezzaine Test Fixture 1 (GPU1 Socket) | B24: Direct | C24: C2010_ubuntu_16.04 | D24: PLX Vendor Tool | I24: PlxSdkUserManual
A25: Mezzaine Test Fixture 2 (GPU2 Socket) | B25: Direct | C25: C2010_ubuntu_16.04 | D25: PLX Vendor Tool | I25: PlxSdkUserManual
A26: Mezzaine Test Fixture 3 (GPU3 Socket) | B26: Direct | C26: C2010_ubuntu_16.04 | D26: PLX Vendor Tool | I26: PlxSdkUserManual
A27: Mezzaine Test Fixture 4 (GPU4 Socket) | B27: Direct | C27: C2010_ubuntu_16.04 | D27: PLX Vendor Tool | I27: PlxSdkUserManual
A28: Mezzaine Test Fixture 5 (GPU5 Socket) | B28: Direct | C28: C2010_ubuntu_16.04 | D28: PLX Vendor Tool | I28: PlxSdkUserManual
A29: Mezzaine Test Fixture 6 (GPU6 Socket) | B29: Direct | C29: C2010_ubuntu_16.04 | D29: PLX Vendor Tool | I29: PlxSdkUserManual
A30: Mezzaine Test Fixture 7 (GPU7 Socket) | B30: Direct | C30: C2010_ubuntu_16.04 | D30: PLX Vendor Tool | I30: PlxSdkUserManual
A31: PLX9797-0 | B31: Direct | C31: C2010_ubuntu_16.04 | D31: PLX Vendor Tool | E31: PLX Technology | F31: ubb_main.py check_MezzTF() ./Plx_load Svc d ./9797.sh enable $busid ./9797.sh list $busid ./9797.sh disable $busid check any fail msg | G31: PDB, CM, PIB, MezzTF | H31: Verify PEX9797 one by one and port by port by PLX SDK. | I31: PlxSdkUserManual | K31: 300
A32: PLX9797-1 | B32: Direct | C32: C2010_ubuntu_16.04 | D32: PLX Vendor Tool | I32: PlxSdkUserManual
A33: PLX9797-2 | B33: Direct | C33: C2010_ubuntu_16.04 | D33: PLX Vendor Tool | I33: PlxSdkUserManual
A34: PLX9797-3 | B34: Direct | C34: C2010_ubuntu_16.04 | D34: PLX Vendor Tool | I34: PlxSdkUserManual
A35: PCIe Slot-1 | B35: Direct | C35: C2010_ubuntu_16.04 | D35: Covered by PLX9797-1 | I35: PlxSdkUserManual
A36: PCIe Slot-2 | B36: Direct | C36: C2010_ubuntu_16.04 | D36: Covered by PLX9797-0 | I36: PlxSdkUserManual
A37: PCIe Slot-3 | B37: Direct | C37: C2010_ubuntu_16.04 | D37: Covered by PLX9797-2 | I37: PlxSdkUserManual
A38: PCIe Slot-4 | B38: Direct | C38: C2010_ubuntu_16.04 | D38: Covered by PLX9797-3 | I38: PlxSdkUserManual
A39: SW1 | B39: Direct | C39: C2010_ubuntu_16.04 | D39: PLX Vendor Tool | I39: PlxSdkUserManual
A40: SW2 | B40: Direct | C40: C2010_ubuntu_16.04 | D40: PLX Vendor Tool | I40: PlxSdkUserManual
A41: SW3 | B41: Direct | C41: C2010_ubuntu_16.04 | D41: PLX Vendor Tool | I41: PlxSdkUserManual
A42: SW4 | B42: Direct | C42: C2010_ubuntu_16.04 | D42: PLX Vendor Tool | I42: PlxSdkUserManual
A43: UBB FRU flash | B43: Direct | C43: BMC_console | D43: Ingrasys BMC v3.05 | E43: Ingrasys BMC | F43: ocs-fru -c -s 50 -w file.txt | G43: PDB, CM, PIB | H43: Write FRU information by BMC command | I43: WCS-Software-BMC-G50_v081 | K43: 30 | O43: ocs-fru -c -s 50 -w file.txt
A44: Check BMC SDR | N44: curl -b cjar -u admin:admin -k https://10.32.9.63/redfish/v1/Chassis/System/Sensors
A45: Check BMC SEL | N45: curl -b cjar -u admin:admin -k https://${BMCIP}:443/redfish/v1/Managers/System/LogServices/Log/Entries

Sheet TestCoverage%_UBB
A1: Test Coverage % Calculation
A2: Overal Test Coverage % | C2: =COUNTIF(C4:C100,"y")/COUNTA(A4:A100) -> 1
A3: Item# | B3: Test Spec Requirement Item | C3: Implementation (y/n)
A4: 1 | B4: =FT_TestCoverageMatrix_UBB!A6 -> PCA9548 | C4: y
A5: 2 | B5: =FT_TestCoverageMatrix_UBB!A7 -> TMP175 | C5: y
A6: 3 | B6: =FT_TestCoverageMatrix_UBB!A8 -> TMP75 | C6: y
A7: 4 | B7: =FT_TestCoverageMatrix_UBB!A9 -> TMP75 | C7: y
A8: 5 | B8: =FT_TestCoverageMatrix_UBB!A10 -> TMP75 | C8: y
A9: 6 | B9: =FT_TestCoverageMatrix_UBB!A11 -> TMP75 | C9: y
A10: 7 | B10: =FT_TestCoverageMatrix_UBB!A12 -> TMP75 | C10: y
A11: 8 | B11: =FT_TestCoverageMatrix_UBB!A13 -> TMP75 | C11: y
A12: 9 | B12: =FT_TestCoverageMatrix_UBB!A14 -> TMP75 | C12: y
A13: 10 | B13: =FT_TestCoverageMatrix_UBB!A15 -> PCAL9538(U40) | C13: y
A14: 11 | B14: =FT_TestCoverageMatrix_UBB!A16 -> PCAL9539 (U39) | C14: y
A15: 12 | B15: =FT_TestCoverageMatrix_UBB!A17 -> PCAL9539 (U41) | C15: y
... A41: 38 | B41: =FT_TestCoverageMatrix_UBB!A43 -> UBB FRU flash | C41: y

Sheet FT_TestCoverageMatrix_PDB
A1: FCT Test Coverage Matrix
A2: Project Name: | B2: G50-PDB
A3: Integration Level: | B3: L6 (PCBA)
A5: Component/Interface | B5: Test Method | C5: OS | D5: Diagnostics/binary/Utility name | E5: Developer or Company Name | F5: Command Line/Scripts | G5: Test Hardware Required | H5: Functionality Description | I5: Supporting Documents(SW Releases, help files, revision history etc.) | J5: loc | K5: Test Time (Second) | L5: Feedback - MSFT | M5: Feedback - Ingrasys | N5: Command Line | O5: Except Result
A6: Fan test 1 | B6: Direct | C6: BMC_console | D6: devmem | E6: Ingrasys BMC | F6: test_fanduty.py 1. Kill BMC Fan Algorithm: stopFanAutoControl() get pid: ps | grep fan_algo kill -9 $pid 2. Enable Fan Tach devmem 0x1e786000 32 0x1ffe0f01 3. Change Fan duty to 49% 4. Waiting Fan Speed Steady, and Read Fan Speed 5. Change Fan duty to 100% 6. Waiting Fan Speed Steady, and Read Fan Speed | G6: CM, PIB | H6: Change fan duty to 50% 80% 100%, and check each duty correct | I6: WCS-Software-BMC-G50_v081 | J6: BMC_TACH_1 | K6: 720 | N6: ---- (49%) echo 125 > /sys/devices/platform/ast_pwm_tacho.0/pwm2_falling cat /sys/devices/platform/ast_pwm_tacho.0/tacho2_rpm ---- (100%) echo 255 > /sys/devices/platform/ast_pwm_tacho.0/pwm2_falling cat /sys/devices/platform/ast_pwm_tacho.0/tacho2_rpm | O6: fan duty:125, fan speed:10060 (49%) fan duty:255, fan speed:20814(100%)
A7: Fan test 2 | B7: Direct | C7: BMC_console | D7: devmem | E7: Ingrasys BMC | G7: CM, PIB | J7: BMC_TACH_2 | N7: ---- (49%) echo 125 > /sys/devices/platform/ast_pwm_tacho.0/pwm2_falling cat /sys/devices/platform/ast_pwm_tacho.0/tacho2_rpm ---- (100%) echo 255 > /sys/devices/platform/ast_pwm_tacho.0/pwm2_falling cat /sys/devices/platform/ast_pwm_tacho.0/tacho2_rpm | O7: fan duty:125, fan speed:10063 (49%) fan duty:255, fan speed:20797(100%)
A8: Fan test 3 | B8: Direct | C8: BMC_console | D8: devmem | E8: Ingrasys BMC | G8: CM, PIB | J8: BMC_TACH_3 | N8: ---- (49%) echo 125 > /sys/devices/platform/ast_pwm_tacho.0/pwm3_falling cat /sys/devices/platform/ast_pwm_tacho.0/tacho3_rpm ---- (100%) echo 255 > /sys/devices/platform/ast_pwm_tacho.0/pwm3_falling cat /sys/devices/platform/ast_pwm_tacho.0/tacho3_rpm | O8: fan duty:125, fan speed:10062 (49%) fan duty:255, fan speed:20804(100%)
A9: Fan test 4 | B9: Direct | C9: BMC_console | D9: devmem | E9: Ingrasys BMC | G9: CM, PIB | J9: BMC_TACH_4 | N9: ---- (49%) echo 125 > /sys/devices/platform/ast_pwm_tacho.0/pwm4_falling cat /sys/devices/platform/ast_pwm_tacho.0/tacho4_rpm ---- (100%) echo 255 > /sys/devices/platform/ast_pwm_tacho.0/pwm4_falling cat /sys/devices/platform/ast_pwm_tacho.0/tacho4_rpm | O9: fan duty:125, fan speed:10059(49%) fan duty:255, fan speed:20794(100%)
A10: Fan test 5 | B10: Direct | C10: BMC_console | D10: devmem | E10: Ingrasys BMC | G10: CM, PIB | J10: BMC_TACH_5 | N10: ---- (49%) echo 125 > /sys/devices/platform/ast_pwm_tacho.0/pwm5_falling cat /sys/devices/platform/ast_pwm_tacho.0/tacho5_rpm ---- (100%) echo 255 > /sys/devices/platform/ast_pwm_tacho.0/pwm5_falling cat /sys/devices/platform/ast_pwm_tacho.0/tacho5_rpm | O10: fan duty:125, fan speed:10021(49%) fan duty:255, fan speed:20794(100%)
A11: Fan test 6 | B11: Direct | C11: BMC_console | D11: devmem | E11: Ingrasys BMC | G11: CM, PIB | J11: BMC_TACH_6 | N11: ---- (49%) echo 125 > /sys/devices/platform/ast_pwm_tacho.0/pwm6_falling cat /sys/devices/platform/ast_pwm_tacho.0/tacho6_rpm ---- (100%) echo 255 > /sys/devices/platform/ast_pwm_tacho.0/pwm6_falling cat /sys/devices/platform/ast_pwm_tacho.0/tacho6_rpm | O11: fan duty:125, fan speed:10154(49%) fan duty:255, fan speed:20797(100%)
A12: Fan test 7 | B12: Direct | C12: BMC_console | D12: devmem | E12: Ingrasys BMC | G12: CM, PIB | J12: BMC_TACH_7 | N12: ---- (49%) echo 125 > /sys/devices/platform/ast_pwm_tacho.0/pwm1_falling cat /sys/devices/platform/ast_pwm_tacho.0/tacho7_rpm ---- (100%) echo 255 > /sys/devices/platform/ast_pwm_tacho.0/pwm1_falling cat /sys/devices/platform/ast_pwm_tacho.0/tacho7_rpm | O12: fan duty:125, fan speed:10059(49%) fan duty:255, fan speed:21231(100%)
A13: Fan test 8 | B13: Direct | C13: BMC_console | D13: devmem | E13: Ingrasys BMC | G13: CM, PIB | J13: BMC_TACH_8 | N13: ---- (49%) echo 125 > /sys/devices/platform/ast_pwm_tacho.0/pwm2_falling cat /sys/devices/platform/ast_pwm_tacho.0/tacho8_rpm ---- (100%) echo 255 > /sys/devices/platform/ast_pwm_tacho.0/pwm2_falling cat /sys/devices/platform/ast_pwm_tacho.0/tacho8_rpm | O13: fan duty:125, fan speed:10063 (49%) fan duty:255, fan speed:20785(100%)
A14: Fan test 9 | B14: Direct | C14: BMC_console | D14: devmem | E14: Ingrasys BMC | G14: CM, PIB | J14: BMC_TACH_9 | N14: ---- (49%) echo 125 > /sys/devices/platform/ast_pwm_tacho.0/pwm3_falling cat /sys/devices/platform/ast_pwm_tacho.0/tacho9_rpm ---- (100%) echo 255 > /sys/devices/platform/ast_pwm_tacho.0/pwm3_falling cat /sys/devices/platform/ast_pwm_tacho.0/tacho9_rpm | O14: fan duty:125, fan speed:10063(49%) fan duty:255, fan speed:20804(100%)
A15: Fan test 10 | B15: Direct | C15: BMC_console | D15: devmem | E15: Ingrasys BMC | G15: CM, PIB | J15: BMC_TACH_10 | N15: ---- (49%) echo 125 > /sys/devices/platform/ast_pwm_tacho.0/pwm4_falling cat /sys/devices/platform/ast_pwm_tacho.0/tacho10_rpm ---- (100%) echo 255 > /sys/devices/platform/ast_pwm_tacho.0/pwm4_falling cat /sys/devices/platform/ast_pwm_tacho.0/tacho10_rpm | O15: fan duty:125, fan speed:10063(49%) fan duty:255, fan speed:20826(100%)
A16: Fan test 11 | B16: Direct | C16: BMC_console | D16: devmem | E16: Ingrasys BMC | G16: CM, PIB | J16: BMC_TACH_11 | N16: ---- (49%) echo 125 > /sys/devices/platform/ast_pwm_tacho.0/pwm5_falling cat /sys/devices/platform/ast_pwm_tacho.0/tacho11_rpm ---- (100%) echo 255 > /sys/devices/platform/ast_pwm_tacho.0/pwm5_falling cat /sys/devices/platform/ast_pwm_tacho.0/tacho11_rpm | O16: fan duty:125, fan speed:10063(49%) fan duty:255, fan speed:20806(100%)
A17: Fan test 12 | B17: Direct | C17: BMC_console | D17: devmem | E17: Ingrasys BMC | G17: CM, PIB | J17: BMC_TACH_12 | N17: ---- (49%) echo 125 > /sys/devices/platform/ast_pwm_tacho.0/pwm6_falling cat /sys/devices/platform/ast_pwm_tacho.0/tacho12_rpm ---- (100%) echo 255 > /sys/devices/platform/ast_pwm_tacho.0/pwm6_falling cat /sys/devices/platform/ast_pwm_tacho.0/tacho12_rpm | O17: fan duty:125, fan speed:10154(49%) fan duty:255, fan speed:21037(100%)
A18: LM25066(10h) | B18: Direct | C18: BMC_console | D18: i2cset/i2cget | E18: Ingrasys BMC | F18: test_i2c.py LM20566() /usr/sbin/i2cget -y -f 0 16 1 | G18: CM, PIB | H18: Verify I2C Hot Swap by BMC | I18: WCS-Software-BMC-G50_v081 | J18: BMC_SMB_1/0x10 | K18: 20 | N18: i2cget -y -f 0 16 1 | O18: 0x80
A19: LM25066(11h) | B19: Direct | C19: BMC_console | D19: i2cset/i2cget | E19: Ingrasys BMC | F19: test_i2c.py LM20566() /usr/sbin/i2cget -y -f 0 17 1 | G19: CM, PIB | H19: Verify I2C Hot Swap by BMC | I19: WCS-Software-BMC-G50_v081 | J19: BMC_SMB_1/0x11 | K19: 20 | N19: i2cget -y -f 0 17 1 | O19: 0x80
A20: LM25066(40h) | B20: Direct | C20: BMC_console | D20: i2cset/i2cget | E20: Ingrasys BMC | F20: test_i2c.py LM20566() /usr/sbin/i2cget -y -f 0 64 1 | G20: CM, PIB | H20: Verify I2C Hot Swap by BMC | I20: WCS-Software-BMC-G50_v081 | J20: BMC_SMB_1/0x40 | K20: 20 | N20: i2cget -y -f 0 64 1 | O20: 0x80
A21: LM25066(41h) | B21: Direct | C21: BMC_console | D21: i2cset/i2cget | E21: Ingrasys BMC | F21: test_i2c.py LM20566() /usr/sbin/i2cget -y -f 0 65 1 | G21: CM, PIB | H21: Verify I2C Hot Swap by BMC | I21: WCS-Software-BMC-G50_v081 | J21: BMC_SMB_1/0x41 | K21: 20 | N21: i2cget -y -f 0 65 1 | O21: 0x80
A22: LM25066(42h) | B22: Direct | C22: BMC_console | D22: i2cset/i2cget | E22: Ingrasys BMC | F22: test_i2c.py LM20566() /usr/sbin/i2cget -y -f 0 66 1 | G22: CM, PIB | H22: Verify I2C Hot Swap by BMC | I22: WCS-Software-BMC-G50_v081 | J22: BMC_SMB_1/0x42 | K22: 20 | N22: i2cget -y -f 0 66 1 | O22: 0x80
A23: LM25066(43h) | B23: Direct | C23: BMC_console | D23: i2cset/i2cget | E23: Ingrasys BMC | F23: test_i2c.py LM20566() /usr/sbin/i2cget -y -f 0 67 1 | G23: CM, PIB | H23: Verify I2C Hot Swap by BMC | I23: WCS-Software-BMC-G50_v081 | J23: BMC_SMB_1/0x43 | K23: 20 | N23: i2cget -y -f 0 67 1 | O23: 0x80
A24: LM25066(44h) | B24: Direct | C24: BMC_console | D24: i2cset/i2cget | E24: Ingrasys BMC | F24: test_i2c.py LM20566() /usr/sbin/i2cget -y -f 0 68 1 | G24: CM, PIB | H24: Verify I2C Hot Swap by BMC | I24: WCS-Software-BMC-G50_v081 | J24: BMC_SMB_1/0x44 | K24: 20 | N24: i2cget -y -f 0 68 1 | O24: 0x80
A25: LM25066(45h) | B25: Direct | C25: BMC_console | D25: i2cset/i2cget | E25: Ingrasys BMC | F25: test_i2c.py LM20566() /usr/sbin/i2cget -y -f 0 69 1 | G25: CM, PIB | H25: Verify I2C Hot Swap by BMC | I25: WCS-Software-BMC-G50_v081 | J25: BMC_SMB_1/0x45 | K25: 20 | N25: i2cget -y -f 0 69 1 | O25: 0x80
A26: LM25066(46h) | B26: Direct | C26: BMC_console | D26: i2cset/i2cget | E26: Ingrasys BMC | F26: test_i2c.py LM20566() /usr/sbin/i2cget -y -f 0 70 1 | G26: CM, PIB | H26: Verify I2C Hot Swap by BMC | I26: WCS-Software-BMC-G50_v081 | J26: BMC_SMB_1/0x46 | K26: 20 | N26: i2cget -y -f 0 70 1 | O26: 0x80
A27: LM25066(47h) | B27: Direct | C27: BMC_console | D27: i2cset/i2cget | E27: Ingrasys BMC | F27: test_i2c.py LM20566() /usr/sbin/i2cget -y -f 0 71 1 | G27: CM, PIB | H27: Verify I2C Hot Swap by BMC | I27: WCS-Software-BMC-G50_v081 | J27: BMC_SMB_1/0x47 | K27: 20 | N27: i2cget -y -f 0 71 1 | O27: 0x80
A28: AT24C32 | B28: Direct | C28: BMC_console | D28: i2cset/i2cget | E28: Ingrasys BMC | F28: test_i2c.py Check_SDA_i2c_path() i2cget -y -f 4 0x50 0 | G28: CM, PIB | H28: Verify I2C device by BMC | I28: WCS-Software-BMC-G50_v081 | J28: BMC_SMB_1/0xA0 | K28: 20 | N28: i2cget -y -f 4 0x50 0 | O28: 0xff
A29: PCA9539 | B29: Direct | C29: BMC_console | D29: i2cset/i2cget | E29: Ingrasys BMC | F29: test_i2c.py Check_SDA_i2c_path() i2cget -y -f 3 0x74 0 | G29: CM, PIB | H29: Verify I2C device by BMC | I29: WCS-Software-BMC-G50_v081 | J29: BMC_SMB_2/0xE8 | K29: 20 | N29: i2cget -y -f 3 0x74 0 | O29: 0xb7
A30: PCA9548 | B30: Direct | C30: BMC_console | D30: i2cset/i2cget | E30: Ingrasys BMC | F30: test_i2c.py PCA9548() /usr/sbin/i2cset -y -f 1 112 0 /usr/sbin/i2cget -y -f 1 112 /usr/sbin/i2cset -y -f 1 112 1 /usr/sbin/i2cget -y -f 1 112 /usr/sbin/i2cset -y -f 1 112 2 /usr/sbin/i2cget -y -f 1 112 /usr/sbin/i2cset -y -f 1 112 3 /usr/sbin/i2cget -y -f 1 112 /usr/sbin/i2cset -y -f 1 112 4 /usr/sbin/i2cget -y -f 1 112 /usr/sbin/i2cset -y -f 1 112 5 /usr/sbin/i2cget -y -f 1 112 /usr/sbin/i2cset -y -f 1 112 6 /usr/sbin/i2cget -y -f 1 112 /usr/sbin/i2cset -y -f 1 112 7 /usr/sbin/i2cget -y -f 1 112 | G30: CM, PIB | H30: Verify I2C device by BMC | I30: WCS-Software-BMC-G50_v081 | J30: BMC_SMB_2/0xE0 | K30: 120 | N30: /usr/sbin/i2cset -y -f 1 112 0 /usr/sbin/i2cget -y -f 1 112 ---------------------------------------- /usr/sbin/i2cset -y -f 1 112 1 /usr/sbin/i2cget -y -f 1 112 ------------------------------------------ /usr/sbin/i2cset -y -f 1 112 2 /usr/sbin/i2cget -y -f 1 112 ------------------------------------------- /usr/sbin/i2cset -y -f 1 112 3 /usr/sbin/i2cget -y -f 1 112 ---------------------------------------------- /usr/sbin/i2cset -y -f 1 112 4 /usr/sbin/i2cget -y -f 1 112 --------------------------------------------- /usr/sbin/i2cset -y -f 1 112 5 /usr/sbin/i2cget -y -f 1 112 ------------------------------------------ /usr/sbin/i2cset -y -f 1 112 6 /usr/sbin/i2cget -y -f 1 112 ------------------------------------------ /usr/sbin/i2cset -y -f 1 112 7 /usr/sbin/i2cget -y -f 1 112 | O30: 0x00 ------- 0x01 ------- 0x02 ------- 0x03 -------- 0x04 --------- 0x05 ---------- 0x06 --------- 0x07
A31: PDB FRU Flash | B31: Direct | C31: BMC_console | D31: Ingrasys BMC v3.05 | E31: Ingrasys BMC | F31: ocs-fru -c -s 50 -w file.txt | G31: CM, PIB | H31: Write FRU information by BMC command | I31: WCS-Software-BMC-G50_v081 | K31: 30 | N31: ocs-fru -c -s 50 -w file.txt
A32: PCA9539 GPIO to LM25066 | B32: Direct | C32: BMC_console | D32: i2cset/i2cget | E32: Ingrasys BMC | F32: test_i2c.py PCA9539() /usr/sbin/i2cget -y -f 1 116 6 /usr/sbin/i2cget -y -f 1 116 7 | G32: CM, PIB | H32: Verify I2C device by BMC | I32: WCS-Software-BMC-G50_v081 | K32: 20 | N32: /usr/sbin/i2cget -y -f 1 116 6 /usr/sbin/i2cget -y -f 1 116 7 | O32: 0xff
A33: PSU_Power_Good | B33: Direct | C33: BMC_console | D33: i2cset/i2cget | E33: Ingrasys BMC | F33: test_i2c.py Check_PSU_PG() /usr/sbin/i2cget -y -f 1 0x74 0x00 Check_HS_PWR_GD_GPU() /usr/sbin/i2cget -y -f 1 0x74 0x01 | G33: CM, PIB | H33: Verify I2C device by BMC | I33: WCS-Software-BMC-G50_v081 | K33: 20 | N33: /usr/sbin/i2cget -y -f 1 0x74 0x00 ------------------------------------------------------ /usr/sbin/i2cget -y -f 1 0x74 0x01 | O33: 0xbf ----------- 0xff

Sheet TestCoverage%_PDB
A1: Test Coverage % Calculation
A2: Overal Test Coverage % | C2: =COUNTIF(C4:C90,"y")/COUNTA(A4:A90) -> 1
A3: Item# | B3: Test Spec Requirement Item | C3: Implementation (y/n)
A4: 1 | B4: =FT_TestCoverageMatrix_PDB!A6 -> Fan test 1 | C4: y
A5: 2 | B5: =FT_TestCoverageMatrix_PDB!A7 -> Fan test 2 | C5: y
A6: 3 | B6: =FT_TestCoverageMatrix_PDB!A8 -> Fan test 3 | C6: y
A7: 4 | B7: =FT_TestCoverageMatrix_PDB!A9 -> Fan test 4 | C7: y
A8: 5 | B8: =FT_TestCoverageMatrix_PDB!A10 -> Fan test 5 | C8: y
A9: 6 | B9: =FT_TestCoverageMatrix_PDB!A11 -> Fan test 6 | C9: y
A10: 7 | B10: =FT_TestCoverageMatrix_PDB!A12 -> Fan test 7 | C10: y
A11: 8 | B11: =FT_TestCoverageMatrix_PDB!A13 -> Fan test 8 | C11: y
A12: 9 | B12: =FT_TestCoverageMatrix_PDB!A14 -> Fan test 9 | C12: y
A13: 10 | B13: =FT_TestCoverageMatrix_PDB!A15 -> Fan test 10 | C13: y
A14: 11 | B14: =FT_TestCoverageMatrix_PDB!A16 -> Fan test 11 | C14: y
A15: 12 | B15: =FT_TestCoverageMatrix_PDB!A17 -> Fan test 12 | C15: y
... A31: 28 | B31: =FT_TestCoverageMatrix_PDB!A33 -> PSU_Power_Good | C31: y

Sheet FT_TestCoverageMatrix_FIO
A1: FCT Test Coverage Matrix
A2: Project Name: | B2: G50-FIO
A3: Integration Level: | B3: L6 (PCBA)
A5: Component/Interface | B5: Test Method | C5: OS | D5: Diagnostics/binary/Utility name | E5: Developer or Company Name | F5: Command Line/Scripts | G5: Test Hardware Required | H5: Functionality Description | I5: Supporting Documents(SW Releases, help files, revision history etc.) | J5: loc | K5: Test Time (Second) | L5: Feedback - MSFT | M5: Feedback - Ingrasys | N5: Command Line | O5: Except Result
A6: FIO_RM_Throttle | B6: Direct | C6: TFB_cmd | D6: TFB command | E6: NXP Semiconductors | F6: test_throttle.py fio_rm_throttle() Set low: 0x53, 0x48, 0x03, 0x02, 0x00, 0x00,0x50 Set high: 0x53, 0x48, 0x03, 0x02, 0xff, 0xfd,0x50 | G6: TFB, CM, PDB, PIB | H6: Send RM command by TFB | I6: None | K6: 30
A7: FIO_RM_Off | B7: Direct | C7: TFB_cmd | D7: TFB command | E7: NXP Semiconductors | F7: fio_main.py RM_PowerON() Set TFB PCA9535 Port0/1 as output: 0x53 ,0x48 ,0x03 ,0x06 ,0x00 ,0x00 ,0x50 RM Power-Up: 0x53, 0x48, 0x03, 0x02, 0x00, 0x00,0x50 | G7: TFB, CM, PDB, PIB | H7: Send RM command by TFB | I7: None | K7: 30
A8: RJ45 Lan port | B8: Direct | C8: BMC_console | D8: ping | E8: Ingrasys BMC | F8: test_lan.py run() ping -c $times $IP | G8: TFB, CM, PDB, PIB | H8: Ping another system | I8: None | K8: 30 | N8: ping -c <time> <IP>
A9: UID LED | B9: Direct | C9: BMC_console | D9: devmem | E9: Ingrasys BMC | F9: test_led.py uid_led() kill -9 bmchealth_handle Set GPIO: ((int(direction_ori,16) & 0x00001000) >> 8) "devmem 0x%x 32 0x%x\n"%(GPIO_GP2_Direction,(int(direction_ori,16)|0x00001000)) ON: "devmem 0x%x 32 0x%x\n"%(GPIO_GP2_Value,int(value_ori,16) & 0xffffefff) OFF: "devmem 0x%x 32 0x%x\n"%(GPIO_GP2_Value,int(value_ori,16) | 0x00001000) | G9: CM, PDB, PIB | H9: Random bright LED 1 to 3 times, and ask how many times? | I9: WCS-Software-BMC-G50_v081 | K9: 30 | N9: UID LED light: gpioutil -n UID_LED_N -v 0 UID LED dark: gpioutil -n UID_LED_N -v 1 | O9: check UID LED light or dark
A10: Blade_att_led | B10: Direct | C10: BMC_console | D10: devmem | E10: Ingrasys BMC | F10: test_led.py blade_att_led() kill -9 bmchealth_handle Set GPIO: ((int(direction_ori,16) & 0x00000100) >> 8) "devmem 0x%x 32 0x%x\n"%(GPIO_GP2_Direction,(int(direction_ori,16)|0x00000100)) ON: "devmem 0x%x 32 0x%x\n"%(GPIO_GP2_Value,int(value_ori,16) & 0xfffffeff) OFF: "devmem 0x%x 32 0x%x\n"%(GPIO_GP2_Value,int(value_ori,16) | 0x00000100) | G10: CM, PDB, PIB | H10: Random bright LED 1 to 3 times, and ask how many times? | I10: WCS-Software-BMC-G50_v081 | K10: 30 | N10: Blade_att_led light: gpioutil -n BLADE_ATT_LED_N -v 0 Blade_att_led dark: gpioutil -n BLADE_ATT_LED_N -v 1 | O10: check Blade_att_led light or dark
A11: FIO_TMP75 | B11: Direct | C11: BMC_console | D11: i2cset/i2cget | E11: Ingrasys BMC | F11: test_i2c.py TMP75() /usr/sbin/i2cget -y -f 0 0x49 0 w | G11: CM, PDB, PIB | H11: Verify I2C thermal sensor by BMC | I11: WCS-Software-BMC-G50_v081 | J11: BMC_SMB_1/0x92 | K11: 10 | N11: i2cget -y -f 0 0x49 0 w | O11: 0x0018
A12: FIO_TMP75 | B12: Direct | C12: BMC_console | D12: i2cset/i2cget | E12: Ingrasys BMC | F12: test_i2c.py TMP75() /usr/sbin/i2cget -y -f 0 0x4a 0 w | G12: CM, PDB, PIB | H12: Verify I2C thermal sensor by BMC | I12: WCS-Software-BMC-G50_v081 | J12: BMC_SMB_1/0x94 | K12: 10 | N12: i2cget -y -f 0 0x4a 0 w | O12: 0x001c
A13: PWR LED | B13: Direct | C13: BMC_console | D13: devmem | E13: Ingrasys BMC | F13: test_led.py power_led() kill -9 bmchealth_handle Set GPIO: ((int(direction_ori,16) & 0x00000400) >> 8) "devmem 0x%x 32 0x%x\n"%(GPIO_GP2_Direction,(int(direction_ori,16)|0x00000400)) ON: "devmem 0x%x 32 0x%x\n"%(GPIO_GP2_Value,int(value_ori,16) & 0x00000400) OFF: "devmem 0x%x 32 0x%x\n"%(GPIO_GP2_Value,int(value_ori,16) | 0xfffffbff) | G13: CM, PDB, PIB | H13: Random bright LED 1 to 3 times, and ask how many times? | I13: WCS-Software-BMC-G50_v081 | K13: 30 | N13: PWR LED light: gpioutil -n PWR_STA_LED_N -v 0 PWR LED dark: gpioutil -n PWR_STA_LED_N -v 1 | O13: check PWR LED light or dark

Sheet TestCoverage%_FIO
A1: Test Coverage % Calculation
A2: Overal Test Coverage % | C2: =COUNTIF(C4:C69,"y")/COUNTA(A4:A69) -> 1
A3: Item# | B3: Test Spec Requirement Item | C3: Implementation (y/n)
A4: 1 | B4: =FT_TestCoverageMatrix_FIO!A6 -> FIO_RM_Throttle | C4: y
A5: 2 | B5: =FT_TestCoverageMatrix_FIO!A7 -> FIO_RM_Off | C5: y
A6: 3 | B6: =FT_TestCoverageMatrix_FIO!A8 -> RJ45 Lan port | C6: y
A7: 4 | B7: =FT_TestCoverageMatrix_FIO!A9 -> UID LED | C7: y
A8: 5 | B8: =FT_TestCoverageMatrix_FIO!A10 -> Blade_att_led | C8: y
A9: 6 | B9: =FT_TestCoverageMatrix_FIO!A11 -> FIO_TMP75 | C9: y
A10: 7 | B10: =FT_TestCoverageMatrix_FIO!A12 -> FIO_TMP75 | C10: y
A11: 8 | B11: =FT_TestCoverageMatrix_FIO!A13 -> PWR LED | C11: y

Sheet FT_TestCoverageMatrix_CM
A1: FCT Test Coverage Matrix
A2: Project Name: | B2: G50-CM
A3: Integration Level: | B3: L6 (PCBA)
A5: Component/Interface | B5: Test Method | C5: OS | D5: Diagnostics/binary/Utility name | E5: Developer or Company Name | F5: Command Line/Scripts | G5: Test Hardware Required | H5: Functionality Description | I5: Supporting Documents(SW Releases, help files, revision history etc.) | J5: loc | K5: Test Time (Second) | L5: Feedback - MSFT | M5: Feedback - Ingrasys | N5: Command Line | O5: Except Result
A6: CM_TMP75 | B6: Direct | C6: BMC_console | D6: i2cset/i2cget i2cget -y -f 0 0x4b 0x0 | E6: Ingrasys BMC | F6: test_i2c.py | G6: PDB, PIB, UBB, FIO | H6: Verify I2C thermal sensor by BMC | I6: WCS-Software-BMC-G50_v081 | J6: BMC_SMB_1/0x96 | K6: 20 | N6: i2cget -y -f 0 0x4b 0x0 | O6: 0x22
A7: AT24C256C | B7: Direct | C7: BMC_console | D7: i2cset/i2cget | E7: Ingrasys BMC | F7: test_i2c.py i2cdetect -y 4 i2cget -y -f 4 0x50 0x0 | G7: PDB, PIB, UBB, FIO | H7: Verify I2C device by BMC | I7: WCS-Software-BMC-G50_v081 | J7: BMC_SMB_5/0xA0 | K7: 20 | N7: i2cget -y -f 4 0x50 0x0 | O7: 0xff
A8: CM FRU Flash | B8: Direct | C8: BMC_console | D8: Ingrasys BMC v3.05 | E8: Ingrasys BMC | F8: ocs-fru -c 4 -s 50 -w file.txt | G8: PDB, PIB, UBB, FIO | H8: Write FRU information by BMC command | I8: WCS-Software-BMC-G50_v081 | K8: 30 | N8: ocs-fru -c 4 -s 50 -w file.txt
A9: CM RM_Throttle | B9: Direct | C9: BMC_console | D9: TFB_command | E9: NXP Semiconductors | F9: test_throttle.py fio_rm_throttle() Set low: 0x53, 0x48, 0x03, 0x02, 0x00, 0x00,0x50 Set high: 0x53, 0x48, 0x03, 0x02, 0xff, 0xfd,0x50 | G9: PDB, PIB, UBB, FIO | H9: Send RM command by TFB | I9: None | K9: 30
A10: CM RM_Off | B10: Direct | C10: BMC_console | D10: TFB_command | E10: NXP Semiconductors | F10: cm_main.py RM_PowerON() Set TFB PCA9535 Port0/1 as output: 0x53 ,0x48 ,0x03 ,0x06 ,0x00 ,0x00 ,0x50 RM Power-Up: 0x53, 0x48, 0x03, 0x02, 0x00, 0x00,0x50 | G10: PDB, PIB, UBB, FIO | H10: Send RM command by TFB | I10: None | K10: 30
A11: Mac address flash | B11: Direct | C11: BMC_console | D11: guid_mac.py | E11: Ingrasys BMC | F11: test_mac.py writeMac() "echo %s | mac_guid.py --write-mac\r"%self.macaddr | G11: PDB, PIB, UBB, FIO | H11: Write MAC address by BMC command | I11: WCS-Software-BMC-G50_v081 | K11: 60 | N11: "echo %s | mac_guid.py --write-mac\r"%self.macaddr
A12: Mac address check | B12: Direct | C12: BMC_console | D12: guid_mac.py | E12: Ingrasys BMC | F12: test_mac.py checkMac() mac_guid.py --read-mac | G12: PDB, PIB, UBB, FIO | H12: Check MAC address by BMC command | I12: WCS-Software-BMC-G50_v081 | K12: 60 | N12: mac_guid.py --read-mac
A13: BMC FW version check | B13: Direct | D13: cat | E13: Ingrasys BMC | F13: test_bmc.py cat /etc/os-release | grep VERSION_ID | awk -F '=' '{print $2}' | G13: PDB, PIB, UBB, FIO | H13: Check CM BMC FW version in BMC console | I13: WCS-Software-BMC-G50_v081 | K13: 20 | N13: cat /etc/os-release | grep VERSION_ID | awk -F '=' '{print $2}'
A14: Test Items of UBB (BMC_console) * test items : 36 | B14: Direct | C14: BMC_console | D14: Not contain FIO RM | F14: test_i2c.py | G14: PDB, PIB, UBB, FIO | H14: Run again test items of UBB | N14: echo 1 > /sys/class/gpio/gpio260/value cat /sys/class/gpio/gpio260/value | O14: check CABLE_SW3 port1 light or dark
A15: Test Items of PDB * test items : 26 | B15: Direct | C15: BMC_console | D15: Not contain PDB FRU | F15: test_i2c.py test_fanduty.py | G15: PDB, PIB, UBB, FIO | H15: Run again test items of PDB | N15: ocs-fru -c 4 -s 50 -w file.txt
A16: Test Items of FIO * test items : 5 | B16: Direct | C16: BMC_console | D16: Not contain FIO_RM | F16: test_i2c.py test_lan.py test_led.py | G16: PDB, PIB, UBB, FIO | H16: Run again test items of FIO | N16: Blade_att_led light: gpioutil -n BLADE_ATT_LED_N -v 0 Blade_att_led dark: gpioutil -n BLADE_ATT_LED_N -v 1 | O16: check Blade_att_led light or dark
A17: CPLD M5240ZT100 | B17: Indirect | D17: BMC power on means CPLD is functional

Sheet TestCoverage%_CM
A1: Test Coverage % Calculation
A2: Overal Test Coverage % | C2: =(COUNTIF(C4:C64,"y")+F15)/(COUNTA(A4:A64)+F15) -> 1
A3: Item# | B3: Test Spec Requirement Item | C3: Implementation (y/n)
A4: 1 | B4: =FT_TestCoverageMatrix_CM!A6 -> CM_TMP75 | C4: y
A5: 2 | B5: =FT_TestCoverageMatrix_CM!A7 -> AT24C256C | C5: y
A6: 3 | B6: =FT_TestCoverageMatrix_CM!A8 -> CM FRU Flash | C6: y
A7: 4 | B7: =FT_TestCoverageMatrix_CM!A9 -> CM RM_Throttle | C7: y
A8: 5 | B8: =FT_TestCoverageMatrix_CM!A10 -> CM RM_Off | C8: y
A9: 6 | B9: =FT_TestCoverageMatrix_CM!A11 -> Mac address flash | C9: y
A10: 7 | B10: =FT_TestCoverageMatrix_CM!A12 -> Mac address check | C10: y
A11: 8 | B11: =FT_TestCoverageMatrix_CM!A13 -> BMC FW version check | C11: y
A12: 9 | B12: =FT_TestCoverageMatrix_CM!A14 -> Test Items of UBB (BMC_console) * test items : 36 | C12: y
A13: 10 | B13: =FT_TestCoverageMatrix_CM!A15 -> Test Items of PDB * test items : 26 | C13: y
A14: 11 | B14: =FT_TestCoverageMatrix_CM!A16 -> Test Items of FIO * test items : 5 | C14: y
A15: 12 | B15: =FT_TestCoverageMatrix_CM!A17 -> CPLD M5240ZT100 | C15: y | F15: 67

Sheet FT_TestCoverageMatrix_GOB
A1: FCT Test Coverage Matrix
A2: Project Name: | B2: G50-GOB
A3: Integration Level: | B3: L10
A5: Component/Interface | B5: Test Method | C5: OS | D5: Diagnostics/binary/Utility name | E5: Developer or Company Name | F5: Command Line/Scripts | G5: Test Hardware Required | H5: Functionality Description | I5: Supporting Documents(SW Releases, help files, revision history etc.) | J5: loc | K5: Test Time (Second) | L5: Feedback - MSFT | M5: Feedback - Ingrasys | N5: Command Line | O5: Except Result
A6: PSU Power Good | B6: Direct | C6: BMC_console | D6: i2cset/i2cget | E6: Ingrasys BMC | F6: test_i2c.py | G6: C2010, Sliver cables | H6: Check PSU status by BMC command | I6: WCS-Software-BMC-G50_v081 | K6: 30 | N6: cat /sys/class/gpio/gpio390/value | O6: 1
A7: DCGM NVVS | B7: Direct | C7: C2010_ubuntu_16.04 | D7: nvvs | E7: Nvidia | F7: g50_main.py | G7: C2010, Sliver cables | H7: NVidia Validation Suite for MFG Test, which contains HW diagnostic and stress test | I7: NVVS For Production Testing v03 | K7: 5400
A8: NV Qual: PCIE Qualification test (Canceled, replaced by NVVS) | B8: Direct | C8: C2010_ubuntu_16.04 | D8: nvqual | E8: Nvidia | F8: g50_main.py ./nvqual --test 2 --index 0; ./nvqual --test 2 --index 1; ./nvqual --test 2 --index 2; ./nvqual --test 2 --index 3; ./nvqual --test 2 --index 4; ./nvqual --test 2 --index 5; ./nvqual --test 2 --index 6; ./nvqual --test 2 --index 7; | G8: C2010, Sliver cables | K8: =690*8 -> 5520
A9: NV Qual: NVLink Qualification test (Canceled, replaced by NVVS) | B9: Direct | C9: C2010_ubuntu_16.04 | D9: nvqual | E9: Nvidia | F9: g50_main.py ./nvqual --test 8 --index 0; | G9: C2010, Sliver cables | K9: =70*60 -> 4200
A10: Nvidia List | B10: Direct | C10: C2010_ubuntu_16.04 | D10: lspci | E10: Ubuntu | F10: g50_main.py lspci | grep -i nvidia | G10: C2010, Sliver cables | H10: Check Nvidia GPU is 8 and correct type | I10: None | K10: 20
A11: PLX9797 bandwidth & linkspeed | B11: Direct | C11: C2010_ubuntu_16.04 | D11: lspci | E11: Ubuntu | F11: g50_main.py lspci -s $busid | grep Sta | G11: C2010, Sliver cables | H11: Check PEX9797 by lspci, and linkspeed should be 8G/s and bandwidth should be x16 | I11: None | K11: 20
A12: AVA Card | B12: Direct | C12: C2010_ubuntu_16.04 | D12: nvme fio | E12: Open Source | F12: g50_main.py check_ava() nvme list fio --runtime=$STRESSTIME -rw=randread -name=${uutArray[$i]}n1 --output $LOGPATH/${uutArray[$i]:5}n1.log | G12: C2010, Sliver cables | H12: Contains 4 M.2. Run FIO for validation Check M.2 firmware version | I12: None | K12: 720
A13: Mellanox Card | B13: Direct | C13: C2010_ubuntu_16.04 | D13: ethtool netperf | E13: Mellanox Technoloies | F13: g50_main.py check_mellanox() ethtool -i eth* netperf -H $ip0 -p 4444 -l $NETTIME | G13: C2010, Sliver cables, Another C2010 with mellanox card, QSFP cable | H13: Check Mellanox FW version Netperf test per port | I13: None | K13: 300
A14: Storey Peak Card - FW update | B14: Direct | C14: Windows | D14: Pikes_Peak_Self_Tester_v1.24.09_release | E14: Microsoft | F14: run_G50.bat | G14: C2010, Sliver cables | H14: Updating SP card firmware | I14: None | K14: 600
A15: Storey Peak Card - Self Test | B15: Direct | C15: Windows | D15: Pikes_Peak_Self_Tester_v1.24.09_release | E15: Microsoft | F15: run_G50.bat | G15: C2010, Sliver cables | H15: SP card self test | I15: None | K15: 420
A16: Storey Peak Card - Config Check | B16: Direct | C16: C2010_ubuntu_16.04 | D16: lspci | E16: Ubuntu | F16: g50_main.py check_storey() lspci to check link speed and bandwidth | G16: C2010, Sliver cables | H16: Check device bus id and type by lspci | I16: None
A17: Test Items of CM | B17: Direct | C17: BMC_console | D17: Not contain CM_RM | F17: test_i2c.py test_fanduty.py test_lan.py test_led.py | G17: C2010, Sliver cables | H17: Run again test items of CM
A18: Test Items of UBB (BMC_console) * test items : 37 | B18: Direct | C18: BMC_console | F18: test_i2c.py | G18: C2010, Sliver cables | H18: Run again test items of UBB | N18: echo 1 > /sys/class/gpio/gpio268/value cat /sys/class/gpio/gpio268/value | O18: check CABLE_SW4 port1 light or dark
A19: Test Items of FIO * test items : 7 | B19: Direct | C19: BMC_console | F19: test_i2c.py test_fanduty.py | G19: C2010, Sliver cables | H19: Run again test items of FIO | N19: i2cget -y -f 0 0x4a 0 w | O19: 0x0019
A20: Test Items of PDB * test items : 26 | B20: Direct | C20: BMC_console | F20: test_i2c.py test_lan.py test_led.py | G20: C2010, Sliver cables | H20: Run again test items of PDB | N20: ocs-fru -c -s 50 -w file.txt
A21: L10 FRU Flash | B21: Direct | C21: BMC_console | D21: Ingrasys BMC v3.05 | F21: ocs-fru -c 4 -s 50 -w file.txt | G21: C2010, Sliver cables | H21: Write FRU information by BMC command | I21: WCS-Software-BMC-G50_v081 | K21: 30 | N21: ocs-fru -c 4 -s 50 -w file.txt

Sheet TestCoverage%_GOB
A1: Test Coverage % Calculation
A2: Overal Test Coverage % | C2: =(COUNTIF(C4:C63,"y")+F19)/(COUNTA(A4:A63)+F19) -> 1
A3: Item# | B3: Test Spec Requirement Item | C3: Implementation (y/n)
A4: 1 | B4: =FT_TestCoverageMatrix_GOB!A6 -> PSU Power Good | C4: y
A5: 2 | B5: =FT_TestCoverageMatrix_GOB!A7 -> DCGM NVVS | C5: y
A6: 3 | B6: =FT_TestCoverageMatrix_GOB!A8 -> NV Qual: PCIE Qualification test (Canceled, replaced by NVVS) | C6: y
A7: 4 | B7: =FT_TestCoverageMatrix_GOB!A9 -> NV Qual: NVLink Qualification test (Canceled, replaced by NVVS) | C7: y
A8: 5 | B8: =FT_TestCoverageMatrix_GOB!A10 -> Nvidia List | C8: y
A9: 6 | B9: =FT_TestCoverageMatrix_GOB!A11 -> PLX9797 bandwidth & linkspeed | C9: y
A10: 7 | B10: =FT_TestCoverageMatrix_GOB!A12 -> AVA Card | C10: y
A11: 8 | B11: =FT_TestCoverageMatrix_GOB!A13 -> Mellanox Card | C11: y
A12: 9 | B12: =FT_TestCoverageMatrix_GOB!A14 -> Storey Peak Card - FW update | C12: y
A13: 10 | B13: =FT_TestCoverageMatrix_GOB!A15 -> Storey Peak Card - Self Test | C13: y
A14: 11 | B14: =FT_TestCoverageMatrix_GOB!A16 -> Storey Peak Card - Config Check | C14: y
A15: 12 | B15: =FT_TestCoverageMatrix_GOB!A17 -> Test Items of CM | C15: y
... A18: 15 | B18: =FT_TestCoverageMatrix_GOB!A20 -> Test Items of PDB * test items : 26 | C18: y
A19: 16 | B19: =FT_TestCoverageMatrix_GOB!A21 -> L10 FRU Flash | C19: y | F19: 70
